{"cameraMode":{"drawMode":0,"name":"Shaded","section":"Shading Mode"},"sceneLighting":true,"audioPlay":false,"sceneViewState":{"m_AlwaysRefresh":false,"showFog":true,"showSkybox":true,"showFlares":true,"showImageEffects":true,"showParticleSystems":true,"showVisualEffectGraphs":true,"m_FxEnabled":false},"in2DMode":false,"pivot":{"x":-1.0366451740264893,"y":7.0658979415893559,"z":1.3394505977630616},"rotation":{"x":-0.011601475067436695,"y":0.984694242477417,"z":-0.15821166336536408,"w":-0.0722079947590828},"size":10.29279613494873,"orthographic":false}